delivery_id,customer_id,customer_city,vehicle_type,distance_km,traffic_level,weather,delivery_minutes,late_delivery
1001,501,paris,bike,4.2,high,rain,38,1
1002,502,poissy,car,18.4,medium,clear,42,0
1003,503,paris,bike,3.1,low,clear,19,0
1004,501,paris,scooter,7.8,high,rain,47,1
1005,504,versailles,car,15.0,medium,clear,34,0
1006,505,poissy,bike,8.45,medium,wind,31,0
1007,506,nanterre,scooter,9.7,unknown,clear,44,1
1008,507,paris,car,12.4,high,rain,58,1
1009,508,boulogne-billancourt,bike,5.5,low,clear,24,0
1010,509,nanterre,car,11.1,medium,wind,37,0
1011,510,paris,scooter,6.2,high,clear,41,1
1012,511,versailles,bike,8.0,medium,rain,35,0
1013,512,poissy,car,20.2,high,rain,64,1
1014,513,nanterre,scooter,10.4,low,clear,29,0
1015,514,boulogne-billancourt,bike,4.7,medium,unknown,32,0
1016,515,paris,car,13.8,high,wind,52,1
1017,516,poissy,scooter,7.0,low,clear,26,0
1018,517,versailles,car,16.3,medium,rain,49,1
1019,518,paris,bike,5.0,high,rain,39,1
1020,519,nanterre,scooter,8.9,medium,clear,33,0
1021,520,paris,bike,2.9,low,clear,17,0
1022,521,poissy,car,19.3,high,rain,61,1
1023,522,boulogne-billancourt,scooter,6.6,medium,wind,36,0
